,url,id,brand,desc,rating,number_of_reviews,sale,price,secret_sale,options,main_category,sub_category,sub_sub_category,offers,sale_price
Too Faced Tutti Frutti - Fruit Cocktail Blush Duo,https://www.ulta.com/tutti-frutti-fruit-cocktail-blush-duo?productId=xlsImpprod18941029,xlsImpprod18941029,Too Faced,Tutti Frutti - Fruit Cocktail Blush Duo,4.50,166,0,$20.97,1,,makeup,face,blush,,
e.l.f. Cosmetics Flawless Finish Foundation,https://www.ulta.com/flawless-finish-foundation?productId=xlsImpprod14541123,xlsImpprod14541123,e.l.f. Cosmetics,Flawless Finish Foundation,3.70,387,0,$2.97 - $6.00,1,26 Colors,makeup,face,foundation,,
Urban Decay Cosmetics Naked Skin Weightless Ultra Definition Liquid Makeup,https://www.ulta.com/naked-skin-weightless-ultra-definition-liquid-makeup?productId=xlsImpprod4550001,xlsImpprod4550001,Urban Decay Cosmetics,Naked Skin Weightless Ultra Definition Liquid Makeup,4.50,7433,0,$27.97,1,13 Colors,makeup,face,foundation,,
Urban Decay Cosmetics Naked Skin Weightless Complete Coverage Concealer,https://www.ulta.com/naked-skin-weightless-complete-coverage-concealer?productId=xlsImpprod11911129,xlsImpprod11911129,Urban Decay Cosmetics,Naked Skin Weightless Complete Coverage Concealer,4.50,2906,0,$20.97,1,5 Colors,makeup,face,concealer,,
Stila Stay All Day Foundation & Concealer,https://www.ulta.com/stay-all-day-foundation-concealer?productId=xlsImpprod16411271,xlsImpprod16411271,Stila,Stay All Day Foundation & Concealer,4.00,213,0,$27.97,1,4 Colors,makeup,face,concealer,,
Anastasia Beverly Hills Stick Foundation,https://www.ulta.com/stick-foundation?productId=xlsImpprod14551041,xlsImpprod14551041,Anastasia Beverly Hills,Stick Foundation,3.80,943,0,$17.97,1,4 Colors,makeup,face,foundation,,
Urban Decay Cosmetics Naked Skin The Illuminizer Translucent Pressed Beauty Powder,https://www.ulta.com/naked-skin-illuminizer-translucent-pressed-beauty-powder?productId=xlsImpprod16061001,xlsImpprod16061001,Urban Decay Cosmetics,Naked Skin The Illuminizer Translucent Pressed Beauty Powder,4.30,123,0,$23.97,1,,makeup,face,highlighter,,
Urban Decay Cosmetics Rebound Collagen-Infused Complexion Prep Priming Spray,https://www.ulta.com/rebound-collagen-infused-complexion-prep-priming-spray?productId=xlsImpprod17391147,xlsImpprod17391147,Urban Decay Cosmetics,Rebound Collagen-Infused Complexion Prep Priming Spray,4.20,37,0,$22.97,1,,makeup,face,face primer,,
ULTA Bohemian Treasure Cream Blush,https://www.ulta.com/bohemian-treasure-cream-blush?productId=pimprod2007674,pimprod2007674,ULTA,Bohemian Treasure Cream Blush,3.80,18,0,$4.97,1,,makeup,ulta collection, ,,
Tarte Treasure Pot Glitter Gel,https://www.ulta.com/treasure-pot-glitter-gel?productId=pimprod2002689,pimprod2002689,Tarte,Treasure Pot Glitter Gel,4.50,24,0,$12.97,1,,makeup,face,highlighter,,
NARS All Day Luminous Weightless Foundation,https://www.ulta.com/all-day-luminous-weightless-foundation?productId=xlsImpprod15251331,xlsImpprod15251331,NARS,All Day Luminous Weightless Foundation,4.00,416,0,$34.97,1,,makeup,face,foundation,,
Too Faced Tutti Frutti - Fresh Squeezed Highlighting Drops,https://www.ulta.com/tutti-frutti-fresh-squeezed-highlighting-drops?productId=xlsImpprod18941015,xlsImpprod18941015,Too Faced,Tutti Frutti - Fresh Squeezed Highlighting Drops,3.60,58,0,$20.97,1,2 Colors,makeup,face,highlighter,,
Smashbox Photo Finish Mattify Primer Stick,https://www.ulta.com/photo-finish-mattify-primer-stick?productId=xlsImpprod16321358,xlsImpprod16321358,Smashbox,Photo Finish Mattify Primer Stick,3.90,43,0,$22.97,1,,makeup,face,face primer,,
Stila Stay All Day Cover Powder Finish Foundation & Concealer,https://www.ulta.com/stay-all-day-cover-powder-finish-foundation-concealer?productId=xlsImpprod16411269,xlsImpprod16411269,Stila,Stay All Day Cover Powder Finish Foundation & Concealer,3.80,104,0,$25.97,1,,makeup,face,concealer,,
Revlon PhotoReady Color Correcting Pen,https://www.ulta.com/photoready-color-correcting-pen?productId=xlsImpprod16971089,xlsImpprod16971089,Revlon,PhotoReady Color Correcting Pen,4.10,398,0,$5.97,1,,makeup,face,color correcting,,
Too Faced Tutti Frutti - Twinkle Twinkle Liquid Glitter Eyeshadow,https://www.ulta.com/tutti-frutti-twinkle-twinkle-liquid-glitter-eyeshadow?productId=xlsImpprod18941009,xlsImpprod18941009,Too Faced,Tutti Frutti - Twinkle Twinkle Liquid Glitter Eyeshadow,4.00,190,0,$15.97,1,,makeup,eyes,eyeshadow,,
Buxom Customizable Eyeshadow Bar Single Refills,https://www.ulta.com/customizable-eyeshadow-bar-single-refills?productId=xlsImpprod13561011,xlsImpprod13561011,Buxom,Customizable Eyeshadow Bar Single Refills,4.50,782,0,$8.97 - $12.00,1,42 Colors,makeup,eyes,eyeshadow,Buy Together and Save! Palette (2547459) and 6 Single Eyeshadow Refills (40 shades) $40. $85 value!,
Lancôme Ombre Hypnôse Stylo Shadow Stick Matte Metallics,https://www.ulta.com/ombre-hypnose-stylo-shadow-stick-matte-metallics?productId=xlsImpprod16801836,xlsImpprod16801836,Lancôme,Ombre Hypnôse Stylo Shadow Stick Matte Metallics,4.50,97,0,$17.97 - $25.00,1,11 Colors,makeup,eyes,eyeshadow,,
bareMinerals Gen Nude Metallic Liquid Eyeshadow,https://www.ulta.com/gen-nude-metallic-liquid-eyeshadow?productId=pimprod2007602,pimprod2007602,bareMinerals,Gen Nude Metallic Liquid Eyeshadow,4.70,17,0,$15.97,1,,makeup,eyes,eyeshadow,,
Stila Little White Lies Liquid Eyeshadow,https://www.ulta.com/little-white-lies-liquid-eyeshadow?productId=pimprod2001823,pimprod2001823,Stila,Little White Lies Liquid Eyeshadow,4.30,58,0,$16.97,1,2 Colors,makeup,eyes,eyeshadow,,
"LashFood BrowFood, Brow Transformation System",https://www.ulta.com/browfood-brow-transformation-system?productId=xlsImpprod16311035,xlsImpprod16311035,LashFood,"BrowFood, Brow Transformation System",0.00,,0,$68.97,1,,makeup,eyes,eyebrows,,
Lottie London Arch Rival Brow Artist Retractable Eyebrow Pencil,https://www.ulta.com/arch-rival-brow-artist-retractable-eyebrow-pencil?productId=xlsImpprod16241258,xlsImpprod16241258,Lottie London,Arch Rival Brow Artist Retractable Eyebrow Pencil,3.70,6,0,$3.97 - $6.49,1,2 Colors,makeup,eyes,eyebrows,,
Urban Decay Cosmetics Razor Sharp Water-Resistant Longwear Liquid Eyeliner,https://www.ulta.com/razor-sharp-water-resistant-longwear-liquid-eyeliner?productId=xlsImpprod14491011,xlsImpprod14491011,Urban Decay Cosmetics,Razor Sharp Water-Resistant Longwear Liquid Eyeliner,4.10,703,0,$15.97,1,9 Colors,makeup,eyes,eyeliner,,
LashFood BrowFood Aqua Brow Powder + Pencil Duo,https://www.ulta.com/browfood-aqua-brow-powder-pencil-duo?productId=xlsImpprod16041867,xlsImpprod16041867,LashFood,BrowFood Aqua Brow Powder + Pencil Duo,4.20,630,0,$17.97,1,,makeup,eyes,eyebrows,,
Revlon ColorStay Brow Mousse,https://www.ulta.com/colorstay-brow-mousse?productId=xlsImpprod16971081,xlsImpprod16971081,Revlon,ColorStay Brow Mousse,3.90,303,0,$1.97,1,,makeup,eyes,eyebrows,,
NARS Velvet Eyeliner,https://www.ulta.com/velvet-eyeliner?productId=xlsImpprod15251341,xlsImpprod15251341,NARS,Velvet Eyeliner,4.00,11,0,$16.97,1,,makeup,eyes,eyeliner,,
ULTA Moroccan Magic Eyeshadow Palette,https://www.ulta.com/moroccan-magic-eyeshadow-palette?productId=pimprod2007751,pimprod2007751,ULTA,Moroccan Magic Eyeshadow Palette,2.50,4,0,$9.97,1,,makeup,gifts & value sets,makeup palettes,,
Urban Decay Cosmetics Vice Lipstick,https://www.ulta.com/vice-lipstick?productId=xlsImpprod14251029,xlsImpprod14251029,Urban Decay Cosmetics,Vice Lipstick,4.60,1394,0,$13.97 - $19.00,1,24 Colors,makeup,lips,lipstick,,
Too Faced Tutti Frutti - Juicy Fruits Comfort Lip Glaze,https://www.ulta.com/tutti-frutti-juicy-fruits-comfort-lip-glaze?productId=xlsImpprod18941025,xlsImpprod18941025,Too Faced,Tutti Frutti - Juicy Fruits Comfort Lip Glaze,4.40,215,0,$13.97,1,3 Colors,makeup,lips,lip gloss,,
NARS Velvet Matte Lip Pencil,https://www.ulta.com/velvet-matte-lip-pencil?productId=xlsImpprod15251321,xlsImpprod15251321,NARS,Velvet Matte Lip Pencil,4.50,335,0,$18.97 - $27.00,1,13 Colors,makeup,lips,lip liner,,
Urban Decay Cosmetics Vice Lipstick Comfort Matte,https://www.ulta.com/vice-lipstick-comfort-matte?productId=xlsImpprod14251019,xlsImpprod14251019,Urban Decay Cosmetics,Vice Lipstick Comfort Matte,4.60,4316,0,$13.97 - $19.00,1,20 Colors,makeup,lips,lipstick,,
NARS Lip Gloss,https://www.ulta.com/lip-gloss?productId=xlsImpprod15801075,xlsImpprod15801075,NARS,Lip Gloss,4.30,166,0,$18.97 - $24.00,1,12 Colors,makeup,lips,lip gloss,,
Anastasia Beverly Hills Matte Lipstick,https://www.ulta.com/matte-lipstick?productId=xlsImpprod16451255,xlsImpprod16451255,Anastasia Beverly Hills,Matte Lipstick,4.30,476,0,$12.97 - $18.00,1,26 Colors,makeup,lips,lipstick,,
Anastasia Beverly Hills Lip Gloss,https://www.ulta.com/lip-gloss?productId=xlsImpprod13811009,xlsImpprod13811009,Anastasia Beverly Hills,Lip Gloss,4.50,882,0,$11.97 - $16.00,1,17 Colors,makeup,lips,lip gloss,,
Urban Decay Cosmetics Vice Lipstick Metallized,https://www.ulta.com/vice-lipstick-metallized?productId=xlsImpprod14251023,xlsImpprod14251023,Urban Decay Cosmetics,Vice Lipstick Metallized,4.60,4316,0,$13.97 - $19.00,1,11 Colors,makeup,lips,lipstick,,
Too Faced Melted Matte-Tallic Liquified Lipstick,https://www.ulta.com/melted-matte-tallic-liquified-lipstick?productId=xlsImpprod18631031,xlsImpprod18631031,Too Faced,Melted Matte-Tallic Liquified Lipstick,4.30,200,0,$14.97,1,4 Colors,makeup,lips,lipstick,,
Lipstick Queen Sinner - Opaque Lipstick,https://www.ulta.com/sinner-opaque-lipstick?productId=xlsImpprod5120071,xlsImpprod5120071,Lipstick Queen,Sinner - Opaque Lipstick,4.40,306,0,$16.97 - $24.00,1,11 Colors,makeup,lips,lipstick,,
KKW BEAUTY Sooo Fire Lip Gloss,https://www.ulta.com/sooo-fire-lip-gloss?productId=pimprod2011581,pimprod2011581,KKW BEAUTY,Sooo Fire Lip Gloss,4.30,36,0,$8.97,1,,makeup,lips,lip gloss,,
Urban Decay Cosmetics Vice Lipstick Mega Matte,https://www.ulta.com/vice-lipstick-mega-matte?productId=xlsImpprod14251021,xlsImpprod14251021,Urban Decay Cosmetics,Vice Lipstick Mega Matte,4.60,4316,0,$13.97 - $19.00,1,4 Colors,makeup,lips,lipstick,,
Urban Decay Cosmetics Sparkle Out Loud Hi-Fi Shine Ultra Cushion Lip Gloss,https://www.ulta.com/sparkle-out-loud-hi-fi-shine-ultra-cushion-lip-gloss?productId=pimprod2006949,pimprod2006949,Urban Decay Cosmetics,Sparkle Out Loud Hi-Fi Shine Ultra Cushion Lip Gloss,4.20,256,0,$13.97,1,2 Colors,makeup,lips,lip gloss,,
Too Faced Sweet Peach Creamy Lip Oil,https://www.ulta.com/sweet-peach-creamy-lip-oil?productId=xlsImpprod15191123,xlsImpprod15191123,Too Faced,Sweet Peach Creamy Lip Oil,4.50,1187,0,$13.97,1,,makeup,lips,lip gloss,,
Smashbox Be Legendary Liquid Lip,https://www.ulta.com/be-legendary-liquid-lip?productId=xlsImpprod15621021,xlsImpprod15621021,Smashbox,Be Legendary Liquid Lip,4.20,489,0,$16.97 - $24.00,1,8 Colors,makeup,lips,lipstick,,
Lottie London Lip Foil Iridescent Duo Chrome Lip Topper,https://www.ulta.com/lip-foil-iridescent-duo-chrome-lip-topper?productId=xlsImpprod18481005,xlsImpprod18481005,Lottie London,Lip Foil Iridescent Duo Chrome Lip Topper,4.20,6,0,$3.97 - $6.49,1,2 Colors,makeup,lips,lip gloss,,
Lottie London Slay All Day Longwear Matte Liquid Lipstick,https://www.ulta.com/slay-all-day-longwear-matte-liquid-lipstick?productId=xlsImpprod16241330,xlsImpprod16241330,Lottie London,Slay All Day Longwear Matte Liquid Lipstick,4.10,72,0,$3.97,1,3 Colors,makeup,lips,lipstick,,
Lottie London Slay All Day Longwear Metallic Liquid Lipstick,https://www.ulta.com/slay-all-day-longwear-metallic-liquid-lipstick?productId=xlsImpprod16971047,xlsImpprod16971047,Lottie London,Slay All Day Longwear Metallic Liquid Lipstick,5.00,1,0,$3.97,1,2 Colors,makeup,lips,lipstick,,
Lottie London #HOLO Duo Chrome Lip Gloss,https://www.ulta.com/holo-duo-chrome-lip-gloss?productId=xlsImpprod16971043,xlsImpprod16971043,Lottie London,#HOLO Duo Chrome Lip Gloss,4.60,33,0,$3.97,1,2 Colors,makeup,lips,lip gloss,,
Too Faced Melted Liquified Long Wear Lipstick,https://www.ulta.com/melted-liquified-long-wear-lipstick?productId=xlsImpprod6500036,xlsImpprod6500036,Too Faced,Melted Liquified Long Wear Lipstick,4.10,3518,0,$14.97,1,,makeup,lips,lipstick,,
Urban Decay Cosmetics Vice Special Effects Long-Lasting Water-Resistant Lip Topcoat,https://www.ulta.com/vice-special-effects-long-lasting-water-resistant-lip-topcoat?productId=xlsImpprod15771057,xlsImpprod15771057,Urban Decay Cosmetics,Vice Special Effects Long-Lasting Water-Resistant Lip Topcoat,3.80,293,0,$13.97,1,,makeup,lips,lip gloss,,
TPSY Absoliptly Lipstick,https://www.ulta.com/absoliptly-lipstick?productId=xlsImpprod18101177,xlsImpprod18101177,TPSY,Absoliptly Lipstick,3.00,3,0,$10.97,1,,makeup,lips,lipstick,,
NARS Multi-Use Gloss,https://www.ulta.com/multi-use-gloss?productId=pimprod2003643,pimprod2003643,NARS,Multi-Use Gloss,5.00,4,0,$18.97,1,,makeup,lips,lip gloss,,
Lipstick Queen Exact Match Lip Liner,https://www.ulta.com/exact-match-lip-liner?productId=xlsImpprod5120079,xlsImpprod5120079,Lipstick Queen,Exact Match Lip Liner,4.50,86,0,$12.97,1,,makeup,lips,lip liner,,
NARS Orgasm Lipstick,https://www.ulta.com/orgasm-lipstick?productId=prod16261023,prod16261023,NARS,Orgasm Lipstick,3.90,90,0,$19.97,1,,makeup,lips,lipstick,,
Lipstick Queen Lipstick Chess,https://www.ulta.com/lipstick-chess?productId=xlsImpprod15481145,xlsImpprod15481145,Lipstick Queen,Lipstick Chess,4.50,60,0,$16.97,1,2 Colors,makeup,lips,lipstick,,
Smashbox Always On Liquid Lipstick Duo - Metallic,https://www.ulta.com/always-on-liquid-lipstick-duo-metallic?productId=pimprod2004878,pimprod2004878,Smashbox,Always On Liquid Lipstick Duo - Metallic,0.00,,0,$14.97,1,,makeup,gifts & value sets,value sets,,
Stila Double Ended Blending Sponge,https://www.ulta.com/double-ended-blending-sponge?productId=xlsImpprod13691007,xlsImpprod13691007,Stila,Double Ended Blending Sponge,3.50,29,0,$8.97,1,,tools & brushes,makeup brushes & tools,sponges & applicators,,
Tartan + Twine Disney Frozen II Olaf Weekender,https://www.ulta.com/disney-frozen-ii-olaf-weekender?productId=pimprod2010914,pimprod2010914,Tartan + Twine,Disney Frozen II Olaf Weekender,0.00,,0,$16.97,1,,makeup,makeup bags & cases, ,,
Tartan + Twine Deluxe Weekender,https://www.ulta.com/deluxe-weekender?productId=pimprod2009218,pimprod2009218,Tartan + Twine,Deluxe Weekender,5.00,4,0,$28.97,1,,makeup,makeup bags & cases, ,,
Tartan + Twine Metallic Duo Zip Beauty Clutch,https://www.ulta.com/metallic-duo-zip-beauty-clutch?productId=pimprod2003894,pimprod2003894,Tartan + Twine,Metallic Duo Zip Beauty Clutch,5.00,4,0,$7.97,1,,makeup,makeup bags & cases, ,,
Tartan + Twine Medium Clutch,https://www.ulta.com/medium-clutch?productId=pimprod2009246,pimprod2009246,Tartan + Twine,Medium Clutch,Price,,0,$14.97,1,,makeup,makeup bags & cases, ,,
Tartan + Twine Frozen 2 Pc. Train Case Set - Snowflake,https://www.ulta.com/frozen-2-pc-train-case-set-snowflake?productId=pimprod2010319,pimprod2010319,Tartan + Twine,Frozen 2 Pc. Train Case Set - Snowflake,3.50,2,0,$15.97,1,,makeup,makeup bags & cases, ,,
Young Nails Caption Nail Polish,https://www.ulta.com/caption-nail-polish?productId=xlsImpprod17531221,xlsImpprod17531221,Young Nails,Caption Nail Polish,3.90,7,0,$4.97,1,,nails,nail polish, ,,
Sally Hansen Salon Manicure Cuticle Eraser + Balm,https://www.ulta.com/salon-manicure-cuticle-eraser-balm?productId=xlsImpprod17821207,xlsImpprod17821207,Sally Hansen,Salon Manicure Cuticle Eraser + Balm,4.30,11,0,$3.97,1,,nails,nail care,nail treatments,,
Skinfix Energizing Micro Scrub,https://www.ulta.com/energizing-micro-scrub?productId=xlsImpprod16631039,xlsImpprod16631039,Skinfix,Energizing Micro Scrub,4.60,16,0,$7.97,1,,skin care,cleansers,exfoliators & scrubs,,
Skinfix Coconut Water Hydrating Mist,https://www.ulta.com/coconut-water-hydrating-mist?productId=xlsImpprod16631049,xlsImpprod16631049,Skinfix,Coconut Water Hydrating Mist,4.20,39,0,$4.97,1,,skin care,moisturizers,face mist,,
SkinRx Lab Marine Moisture Rich Cream,https://www.ulta.com/marine-moisture-rich-cream?productId=xlsImpprod17791037,xlsImpprod17791037,SkinRx Lab,Marine Moisture Rich Cream,Price,,0,$20.97,1,,skin care,korean skin care, ,,
Rodial Snake Moisturiser O2 SPF 15,https://www.ulta.com/snake-moisturiser-o2-spf-15?productId=xlsImpprod14851155,xlsImpprod14851155,Rodial,Snake Moisturiser O2 SPF 15,Price,,0,$59.97,1,,skin care,moisturizers,face moisturizer,,
Urban Decay Cosmetics Rehab Makeup Prep Hot Springs Hydrating Gel,https://www.ulta.com/rehab-makeup-prep-hot-springs-hydrating-gel?productId=xlsImpprod15771047,xlsImpprod15771047,Urban Decay Cosmetics,Rehab Makeup Prep Hot Springs Hydrating Gel,4.60,116,0,$19.97,1,,skin care,moisturizers,face moisturizer,,
First Aid Beauty Facial Radiance Illuminating Moisturizer,https://www.ulta.com/facial-radiance-illuminating-moisturizer?productId=xlsImpprod15001031,xlsImpprod15001031,First Aid Beauty,Facial Radiance Illuminating Moisturizer,2.80,9,0,$16.97,1,,skin care,moisturizers,face moisturizer,,
Nuface Hydrating Leave-On Gel Primer,https://www.ulta.com/hydrating-leave-on-gel-primer?productId=xlsImpprod17231081,xlsImpprod17231081,Nuface,Hydrating Leave-On Gel Primer,4.30,47,0,$6.97 - $48.00,1,3 Sizes,skin care,treatment & serums,face serums,,
Wish Formula I'm Pro Ampoule Pad - C,https://www.ulta.com/im-pro-ampoule-pad-c?productId=xlsImpprod17991027,xlsImpprod17991027,Wish Formula,I'm Pro Ampoule Pad - C,Price,,0,$15.97,1,,skin care,treatment & serums,face serums,,
 The Glow Molecule,https://www.ulta.com/glow-molecule?productId=xlsImpprod14121189,xlsImpprod14121189,,The Glow Molecule,4.00,1,0,$24.97,1,,skin care,supplements, ,,
First Aid Beauty Ultra Repair Cream Minis Original & Vanilla Citron,https://www.ulta.com/ultra-repair-cream-minis-original-vanilla-citron?productId=xlsImpprod15001037,xlsImpprod15001037,First Aid Beauty,Ultra Repair Cream Minis Original & Vanilla Citron,4.60,85,0,$9.97,1,,skin care,gifts & value sets, ,,
Philosophy Keep It Clean,https://www.ulta.com/keep-it-clean?productId=pimprod2004456,pimprod2004456,Philosophy,Keep It Clean,5.00,2,0,$29.97,1,,skin care,gifts & value sets, ,,
Philosophy The Purity Prep Set,https://www.ulta.com/purity-prep-set?productId=pimprod2004455,pimprod2004455,Philosophy,The Purity Prep Set,5.00,6,0,$16.97,1,,skin care,gifts & value sets, ,,
Nexxus Dry Shampoo Refreshing Mist,https://www.ulta.com/dry-shampoo-refreshing-mist?productId=xlsImpprod16971001,xlsImpprod16971001,Nexxus,Dry Shampoo Refreshing Mist,4.00,41,0,$6.97,1,,hair,shampoo & conditioner,dry shampoo,,
Kyn. Style Kit,https://www.ulta.com/style-kit?productId=pimprod2005095,pimprod2005095,Kyn.,Style Kit,1.50,8,0,$7.97,1,,hair,gifts & value sets, ,,
Joico Color Endure Violet Shampoo,https://www.ulta.com/color-endure-violet-shampoo?productId=xlsImpprod6500387,xlsImpprod6500387,Joico,Color Endure Violet Shampoo,4.40,264,0,$4.97,1,,hair,shampoo & conditioner,shampoo,,
Kyn. Dry Shampoo Mist,https://www.ulta.com/dry-shampoo-mist?productId=pimprod2005101,pimprod2005101,Kyn.,Dry Shampoo Mist,1.80,56,0,$7.97,1,,hair,shampoo & conditioner,dry shampoo,,
Drybar Detox Whipped Dry Shampoo Foam,https://www.ulta.com/detox-whipped-dry-shampoo-foam?productId=xlsImpprod16041875,xlsImpprod16041875,Drybar,Detox Whipped Dry Shampoo Foam,2.70,49,0,$11.97,1,,hair,shampoo & conditioner,dry shampoo,,
Punky Colour IntraBond Hair Repairing Complex Mask,https://www.ulta.com/intrabond-hair-repairing-complex-mask?productId=pimprod2005263,pimprod2005263,Punky Colour,IntraBond Hair Repairing Complex Mask,5.00,3,0,$14.97,1,,hair,treatment,masks,,
Kyn. Hyaluronic Acid,https://www.ulta.com/hyaluronic-acid?productId=pimprod2005099,pimprod2005099,Kyn.,Hyaluronic Acid,3.70,6,0,$6.97,1,,hair,treatment,oils & serums,,
Kyn. Argan Oil,https://www.ulta.com/argan-oil?productId=pimprod2005098,pimprod2005098,Kyn.,Argan Oil,4.10,8,0,$6.97,1,,hair,treatment,oils & serums,,
Chi Argan Oil Plus Moringa Oil Mini,https://www.ulta.com/argan-oil-plus-moringa-oil-mini?productId=xlsImpprod11651015,xlsImpprod11651015,Chi,Argan Oil Plus Moringa Oil Mini,4.60,17,0,$0.97,1,,hair,travel size, ,,
Kyn. Salt Spray,https://www.ulta.com/salt-spray?productId=pimprod2005092,pimprod2005092,Kyn.,Salt Spray,3.30,4,0,$7.97,1,,hair,styling products,volume & texture,,
Kyn. Texture Spray,https://www.ulta.com/texture-spray?productId=pimprod2005085,pimprod2005085,Kyn.,Texture Spray,2.90,8,0,$7.97,1,,hair,styling products,volume & texture,,
Kyn. Hold & Shine,https://www.ulta.com/hold-shine?productId=pimprod2005086,pimprod2005086,Kyn.,Hold & Shine,3.00,2,0,$7.97,1,,hair,styling products,gloss & shine,,
Keracolor Color Me Clean Dry Shampoo,https://www.ulta.com/color-me-clean-dry-shampoo?productId=pimprod2005416,pimprod2005416,Keracolor,Color Me Clean Dry Shampoo,3.10,19,0,$10.97,1,3 Colors,hair,hair color,hair makeup,,
Keracolor Gold Toning Drops,https://www.ulta.com/gold-toning-drops?productId=pimprod2005245,pimprod2005245,Keracolor,Gold Toning Drops,3.10,10,0,$9.97,1,,hair,hair color,color care,,
Paul Mitchell Fresh Looks Mad For Magenta 1'' Flat Iron,https://www.ulta.com/fresh-looks-mad-magenta-1-flat-iron?productId=pimprod2008971,pimprod2008971,Paul Mitchell,Fresh Looks Mad For Magenta 1'' Flat Iron,4.50,22,0,$59.97,1,,tools & brushes,hair styling tools,flat irons,,
Paul Mitchell Fresh Looks Hot Brush In Plum Perfection,https://www.ulta.com/fresh-looks-hot-brush-in-plum-perfection?productId=pimprod2009759,pimprod2009759,Paul Mitchell,Fresh Looks Hot Brush In Plum Perfection,3.70,23,0,$59.97,1,,hair,gifts & value sets, ,,
Paul Mitchell Express Ion Unclipped 1'' Bubble Rod Attachment,https://www.ulta.com/express-ion-unclipped-1-bubble-rod-attachment?productId=pimprod2000693,pimprod2000693,Paul Mitchell,Express Ion Unclipped 1'' Bubble Rod Attachment,Price,,0,$20.97,1,,tools & brushes,hair styling tools, ,,
Paul Mitchell Neuro Unclipped Styling Cone Curling Iron,https://www.ulta.com/neurounclipped-styling-cone-curling-iron?productId=xlsImpprod15671059,xlsImpprod15671059,Paul Mitchell,Neuro Unclipped Styling Cone Curling Iron,4.40,18,0,$68.97,1,,tools & brushes,hair styling tools,curling irons & stylers,,
Chi CHI For ULTA Beauty 3 In 1 Curl Kit,https://www.ulta.com/chi-ulta-beauty-3-in-1-curl-kit?productId=pimprod2010760,pimprod2010760,Chi,CHI For ULTA Beauty 3 In 1 Curl Kit,5.00,7,0,$69.97,1,,hair,gifts & value sets, ,,
Wet Brush Pro Shine Enhancer Brush,https://www.ulta.com/pro-shine-enhancer-brush?productId=xlsImpprod18361147,xlsImpprod18361147,Wet Brush,Pro Shine Enhancer Brush,4.80,52,0,$8.97,1,,tools & brushes,hair brushes & combs, ,,
Invisibobble Rainbow Sprunchie,https://www.ulta.com/rainbow-sprunchie?productId=pimprod2016904,pimprod2016904,Invisibobble,Rainbow Sprunchie,4.50,2,0,$5.97,1,,tools & brushes,accessories,elastics,,
ULTA Sweets & Treats Shower Cap,https://www.ulta.com/sweets-treats-shower-cap?productId=xlsImpprod18741099,xlsImpprod18741099,ULTA,Sweets & Treats Shower Cap,4.00,3,0,$0.97,1,,bath & body,ulta collection, ,,
Invisibobble Better Than Lametta Duo Cracker,https://www.ulta.com/better-than-lametta-duo-cracker?productId=pimprod2011265,pimprod2011265,Invisibobble,Better Than Lametta Duo Cracker,5.00,1,0,$6.97,1,,hair,gifts & value sets, ,,
Scünci Disney Frozen II All-Over Blue Sequins Scrunchies,https://www.ulta.com/disney-frozen-ii-all-over-blue-sequins-scrunchies?productId=pimprod2009692,pimprod2009692,Scünci,Disney Frozen II All-Over Blue Sequins Scrunchies,Price,,0,$4.97,1,,tools & brushes,accessories,elastics,,
AG Hair Colour To Go Kit,https://www.ulta.com/colour-go-kit?productId=xlsImpprod15511031,xlsImpprod15511031,AG Hair,Colour To Go Kit,3.70,7,0,$14.97,1,,hair,gifts & value sets, ,,
ARMANI Armani Code Profumo Parfum,https://www.ulta.com/armani-code-profumo-parfum?productId=xlsImpprod14561021,xlsImpprod14561021,ARMANI,Armani Code Profumo Parfum,4.50,59,0,$64.97 - $80.97,1,2 Sizes,men,cologne, ,Free Gift with Purchase!,
ULTA Black Cat Sanitizer Sling,https://www.ulta.com/black-cat-sanitizer-sling?productId=xlsImpprod18691115,xlsImpprod18691115,ULTA,Black Cat Sanitizer Sling,3.70,3,0,$1.97,1,,bath & body,ulta collection, ,,
ULTA Beauty Addict Sanitizer Sling,https://www.ulta.com/beauty-addict-sanitizer-sling?productId=xlsImpprod18691117,xlsImpprod18691117,ULTA,Beauty Addict Sanitizer Sling,Price,,0,$1.97,1,,bath & body,ulta collection, ,,
House 99 by David Beckham Bold Statement Tattoo Body Moisturising Cream SPF 50,https://www.ulta.com/bold-statement-tattoo-body-moisturising-cream-spf-50?productId=xlsImpprod18471009,xlsImpprod18471009,House 99 by David Beckham,Bold Statement Tattoo Body Moisturising Cream SPF 50,4.90,9,0,$18.97,1,,men,body care,body lotion,,
Hempz Yuzu & Starfruit Daily Herbal Body Moisturizer Broad Spectrum SPF 30,https://www.ulta.com/yuzu-starfruit-daily-herbal-body-moisturizer-broad-spectrum-spf-30?productId=xlsImpprod13791139,xlsImpprod13791139,Hempz,Yuzu & Starfruit Daily Herbal Body Moisturizer Broad Spectrum SPF 30,4.40,45,0,$14.97,1,,bath & body,body moisturizers,body lotion & creams,,
OPI ProSpa Treatment Gloves Single Pack,https://www.ulta.com/prospa-treatment-gloves-single-pack?productId=pimprod2007618,pimprod2007618,OPI,ProSpa Treatment Gloves Single Pack,2.50,2,0,$4.97,1,,bath & body,hand & foot care,hand & foot treatment,,
Percy Nobleman Online Only Beard Grooming Kit,https://www.ulta.com/beard-grooming-kit?productId=xlsImpprod17231043,xlsImpprod17231043,Percy Nobleman,Online Only Beard Grooming Kit,4.00,1,0,$20.97,1,,men,gifts & value sets, ,,
