product_id,sku_id,brand,product,url,rating,no_of_reviews,sale,price,offers,options,main_category,sub_category,sub_sub_category,sale_price
2681,2047575,L'Oréal,Colour Riche Satin Lipstick,https://www.ulta.com/colour-riche-satin-lipstick?productId=2681,4.40,1684,0,$8.95 - $10.99, ,34 Colors,makeup,lips, , 
620,1131111,CoverGirl,Perfect Blend Eyeliner,https://www.ulta.com/perfect-blend-eyeliner?productId=620,4.10,598,0,$5.49 - $5.99,"Buy 2, get 1 FREE - Add 3 items to qualify!",2 Colors,makeup,eyes,eyeliner, 
VP10636,2212124,Issey Miyake,L'Eau D'Issey Pour Homme Eau de Toilette,https://www.ulta.com/leau-dissey-pour-homme-eau-de-toilette?productId=VP10636,4.90,69,0,$57.00 - $97.00,Free Gift with Purchase!,3 Sizes,men,cologne, , 
VP10730,2114146,L'Oréal,True Match Super Blendable Blush,https://www.ulta.com/true-match-super-blendable-blush?productId=VP10730,4.20,545,0,$11.99, ,4 Colors,makeup,face, , 
VP12102,2239031,China Glaze,Nail Lacquer with Hardeners,https://www.ulta.com/nail-lacquer-with-hardeners?productId=VP12102,4.00,3132,0,$7.50, ,34 Colors,nails,nail polish, , 
fs957496,2091510,Givenchy,Very Irrésistible Eau de Toilette,https://www.ulta.com/very-irresistible-eau-de-toilette?productId=fs957496,4.70,107,0,$58.00,Free Gift with Purchase!, ,fragrance,women's fragrance, , 
pimprod2000279,2535152,Revlon,PhotoReady Candid Anti-Pollution Setting Powder,https://www.ulta.com/photoready-candid-anti-pollution-setting-powder?productId=pimprod2000279,3.90,376,0,$4.99, ,2 Colors,makeup,face, , 
pimprod2000284,2535089,Revlon,Ultra HD Matte Lip Mousse Hyper Matte,https://www.ulta.com/ultra-hd-matte-lip-mousse-hyper-matte?productId=pimprod2000284,4.50,1034,0,$4.99 - $9.99, ,8 Colors,makeup,lips,lipstick, 
pimprod2000319,2534486,BaBylissPRO,Miracurl 3 Curl Machine,https://www.ulta.com/miracurl-3-curl-machine?productId=pimprod2000319,3.70,41,0,$139.99,Free Gift with Purchase!, ,tools & brushes,hair styling tools, , 
pimprod2000379,2534431,Unwash,Curls Dry Cleanser,https://www.ulta.com/curls-dry-cleanser?productId=pimprod2000379,4.20,9,0,$18.97, , ,hair,shampoo & conditioner, , 
pimprod2000380,2534432,Unwash,Overnight Hair Masque,https://www.ulta.com/overnight-hair-masque?productId=pimprod2000380,3.30,19,0,$20.97, , ,hair,treatment,masks, 
pimprod2000480,2529674,Pacifica,Pineapple Quench Oil-Free Water Serum,https://www.ulta.com/pineapple-quench-oil-free-water-serum?productId=pimprod2000480,4.10,86,0,$6.99, , ,skin care,treatment & serums,face serums, 
pimprod2000481,2534425,Unwash,Volumizing Foam Cleanser,https://www.ulta.com/volumizing-foam-cleanser?productId=pimprod2000481,4.00,22,0,$20.97, , ,hair,shampoo & conditioner, , 
pimprod2000588,2535542,It Cosmetics,IT Girl Vol. 2 Your Life-Changing Eye & Cheek Palette,https://www.ulta.com/it-girl-vol-2-your-life-changing-eye-cheek-palette?productId=pimprod2000588,4.20,50,0,$18.97, , ,makeup,gifts & value sets, , 
pimprod2000694,2533759,Paul Mitchell,Express Ion Unclipped 1.5''- 0.75'' Cone Attachment,https://www.ulta.com/express-ion-unclipped-15-075-cone-attachment?productId=pimprod2000694,0.0, ,0,$20.97, , ,tools & brushes,hair styling tools, , 
pimprod2002026,2537817,Maybelline,Snapscara Washable Mascara,https://www.ulta.com/snapscara-washable-mascara?productId=pimprod2002026,4.10,299,0,$7.99,"Buy 2, get 1 FREE - Add 3 items to qualify!",2 Colors,makeup,eyes, , 
pimprod2002497,2541030,boscia,Sake Hydrating and Brightening Serum,https://www.ulta.com/sake-hydrating-brightening-serum?productId=pimprod2002497,4.60,21,0,$46.00, , ,skin care,treatment & serums,face serums, 
pimprod2002781,2538881,e.l.f. Cosmetics,Rose Gold Eyeshadow Palette - Sunset,https://www.ulta.com/rose-gold-eyeshadow-palette-sunset?productId=pimprod2002781,4.70,572,0,$5.00,Free Gift with Purchase!, ,makeup,gifts & value sets,makeup palettes, 
pimprod2003024,2540977,Formula 10.0.6,One Deep Attraction Daily Foaming Face Wash,https://www.ulta.com/one-deep-attraction-daily-foaming-face-wash?productId=pimprod2003024,4.20,49,0,$7.99, , ,skin care,cleansers,face wash, 
pimprod2003042,2539467,Milani,Most Wanted Lift & Curl Mascara,https://www.ulta.com/most-wanted-lift-curl-mascara?productId=pimprod2003042,4.10,91,0,$4.99, , ,makeup,eyes, , 
pimprod2003090,2538905,e.l.f. Cosmetics,No Budge Retractable Eyeliner,https://www.ulta.com/no-budge-retractable-eyeliner?productId=pimprod2003090,3.80,114,0,$3.00 - $4.00,Free Gift with Purchase!,4 Colors,makeup,eyes,eyeliner, 
pimprod2003228,2539359,Essence,Volume Hero Waterproof Mascara,https://www.ulta.com/volume-hero-waterproof-mascara?productId=pimprod2003228,4.00,46,0,$2.49, , ,makeup,eyes, , 
pimprod2003291,2538665,Physicians Formula,Murumuru Butter Lip Cream,https://www.ulta.com/murumuru-butter-lip-cream?productId=pimprod2003291,3.60,277,0,$4.29 - $8.49,"Buy 1, get 1 at 50% off!",7 Colors,makeup,lips,lipstick, 
pimprod2003352,2539238,Wet n Wild,PhotoFocus Stick Foundation,https://www.ulta.com/photofocus-stick-foundation?productId=pimprod2003352,4.30,1134,0,$3.29 - $6.49, ,16 Colors,makeup,face, , 
pimprod2003359,2539240,Wet n Wild,MegaJelly Eyeshadow,https://www.ulta.com/megajelly-eyeshadow?productId=pimprod2003359,3.40,94,0,$2.79, ,7 Colors,makeup,eyes,eyeshadow, 
pimprod2003506,2541830,e.l.f. Cosmetics,Jet Set Hydration Kit,https://www.ulta.com/jet-set-hydration-kit?productId=pimprod2003506,4.50,157,0,$7.49,Free Gift with Purchase!, ,skin care,gifts & value sets, , 
pimprod2004293,2545166,Fur,Wash Cloth,https://www.ulta.com/wash-cloth?productId=pimprod2004293,5.00,1,0,$13.20, , ,bath & body,bath & shower,shower gel & body wash, 
pimprod2004570,2545543,I Heart Revolution,Donut Eyeshadow Palette,https://www.ulta.com/donut-eyeshadow-palette?productId=pimprod2004570,4.30,191,0,$8.00,2 for $10!,4 Colors,makeup,gifts & value sets,makeup palettes, 
pimprod2004930,2546395,Vichy,Minéral 89 Face Serum,https://www.ulta.com/mineral-89-face-serum?productId=pimprod2004930,4.20,166,0,$19.99 - $39.50,Free Gift with Purchase!,3 Sizes,skin care,treatment & serums, , 
pimprod2006020,2547611,Gucci,Guilty Cologne Pour Homme Eau de Toilette,https://www.ulta.com/guilty-cologne-pour-homme-eau-de-toilette?productId=pimprod2006020,4.10,110,0,$77.00,Free Gift with Purchase!, ,men,cologne, , 
pimprod2006353,2543591,Unwash,Revitalising Scalp Treatment,https://www.ulta.com/revitalising-scalp-treatment?productId=pimprod2006353,2.00,1,0,$18.97, , ,hair,treatment,leave-in treatment, 
pimprod2006358,2547799,Juvia's Place,The Tribe Highlighter,https://www.ulta.com/tribe-highlighter?productId=pimprod2006358,4.60,71,0,$12.00 - $15.00, ,3 Colors,makeup,face, , 
pimprod2006644,2545971,L'Oréal,Colour Riche Plump and Shine Lipstick,https://www.ulta.com/colour-riche-plump-shine-lipstick?productId=pimprod2006644,4.50,2304,0,$5.49, ,9 Colors,makeup,lips, , 
pimprod2006646,2545938,L'Oréal,Infallible Pro-Matte Liquid Lipstick Les Macarons,https://www.ulta.com/infallible-pro-matte-liquid-lipstick-les-macarons?productId=pimprod2006646,4.50,1954,0,$4.99 - $9.99,"Buy 2, get 1 FREE - Add 3 items to qualify!",7 Colors,makeup,lips,lipstick, 
pimprod2007015,2552230,REVOLUTION SKINCARE,Revolution Skincare x Jake-Jamie Tropical Essence Spray,https://www.ulta.com/revolution-skincare-x-jake-jamie-tropical-essence-spray?productId=pimprod2007015,4.30,4,0,$3.49, , ,skin care,moisturizers,face mist, 
pimprod2007326,2545666,Revlon,Ultra HD Vinyl Lip Polish,https://www.ulta.com/ultra-hd-vinyl-lip-polish?productId=pimprod2007326,4.40,2124,0,$4.99 - $9.99, ,8 Colors,makeup,lips,lipstick, 
pimprod2007328,2545660,Revlon,ColorStay Shape & Glow Brow Pencil,https://www.ulta.com/colorstay-shape-glow-brow-pencil?productId=pimprod2007328,4.20,889,0,$4.99, ,4 Colors,makeup,eyes,eyebrows, 
pimprod2007498,2547073,Almay,Skin Perfecting Comfort Matte Foundation,https://www.ulta.com/skin-perfecting-comfort-matte-foundation?productId=pimprod2007498,3.80,33,0,$6.99, ,16 Colors,makeup,face, , 
pimprod2007569,2547172,Revolution PRO,Ultimate Coverage Crease Proof Concealer,https://www.ulta.com/ultimate-coverage-crease-proof-concealer?productId=pimprod2007569,4.10,69,0,$5.99, ,12 Colors,makeup,face, , 
pimprod2007641,2547649,Essence,Plumping Nudes Lipgloss,https://www.ulta.com/plumping-nudes-lipgloss?productId=pimprod2007641,4.40,58,0,$1.99, , ,makeup,lips, , 
pimprod2008010,2553845,REVOLUTION SKINCARE,Niacinamide Essence Spray,https://www.ulta.com/niacinamide-essence-spray?productId=pimprod2008010,3.40,16,0,$3.49, , ,skin care,moisturizers,face mist, 
pimprod2008226,2551212,The Hair Edit,Pyramid Cuff,https://www.ulta.com/pyramid-cuff?productId=pimprod2008226,0.0, ,0,$4.97, , ,tools & brushes,accessories, , 
pimprod2008516,2551952,Estée Lauder,Pure Color Envy Gloss Kissable Lip Shine,https://www.ulta.com/pure-color-envy-gloss-kissable-lip-shine?productId=pimprod2008516,3.90,37,0,$28.00 - $29.00,Online Only Purchase Estee Lauder products and get a 33 Piece Beauty Essentials Set (2577105) for $75 (offer valid 12/14/20-1/30/21)!,10 Colors,makeup,lips, , 
pimprod2008554,2553258,W3LL PEOPLE,Angled Eye Brush,https://www.ulta.com/angled-eye-brush?productId=pimprod2008554,5.00,3,0,$15.00, , ,tools & brushes,makeup brushes & tools,makeup brushes, 
pimprod2008555,2553260,W3LL PEOPLE,Basic Eye Brush,https://www.ulta.com/basic-eye-brush?productId=pimprod2008555,5.00,4,0,$18.00, , ,tools & brushes,makeup brushes & tools,makeup brushes, 
pimprod2008556,2553311,W3LL PEOPLE,Bio Baked Brightener Powder,https://www.ulta.com/bio-baked-brightener-powder?productId=pimprod2008556,4.60,31,0,$20.00, , ,makeup,face, , 
pimprod2008557,2553315,W3LL PEOPLE,Bio Baked Bronzer Powder,https://www.ulta.com/bio-baked-bronzer-powder?productId=pimprod2008557,4.80,41,0,$20.00, , ,makeup,face, , 
pimprod2008558,2553255,W3LL PEOPLE,Bio Bronzer Powder,https://www.ulta.com/bio-bronzer-powder?productId=pimprod2008558,5.00,1,0,$20.00, , ,makeup,face,bronzer, 
pimprod2008563,2553282,W3LL PEOPLE,Bio Extreme Lipgloss,https://www.ulta.com/bio-extreme-lipgloss?productId=pimprod2008563,4.30,87,0,$14.00, ,6 Colors,makeup,lips,lip gloss, 
pimprod2008566,2553257,W3LL PEOPLE,Kabuki Brush,https://www.ulta.com/kabuki-brush?productId=pimprod2008566,4.00,4,0,$25.00, , ,tools & brushes,makeup brushes & tools,makeup brushes, 
pimprod2008567,2553254,W3LL PEOPLE,Foundation Brush,https://www.ulta.com/foundation-brush?productId=pimprod2008567,4.40,5,0,$20.00, , ,tools & brushes,makeup brushes & tools,makeup brushes, 
pimprod2008571,2553291,W3LL PEOPLE,Optimist Lipstick,https://www.ulta.com/optimist-lipstick?productId=pimprod2008571,4.90,9,0,$15.00, ,6 Colors,makeup,lips, , 
pimprod2008574,2553302,W3LL PEOPLE,Nudist Eyeshadow Palette,https://www.ulta.com/nudist-eyeshadow-palette?productId=pimprod2008574,4.60,34,0,$19.00, ,2 Colors,makeup,gifts & value sets,makeup palettes, 
pimprod2008575,2553266,W3LL PEOPLE,Narcissist Foundation Stick,https://www.ulta.com/narcissist-foundation-stick?productId=pimprod2008575,4.20,499,0,$25.00, ,8 Colors,makeup,face, , 
pimprod2008576,2553316,W3LL PEOPLE,Hypnotist Eye Pencil,https://www.ulta.com/hypnotist-eye-pencil?productId=pimprod2008576,3.90,64,0,$15.00, ,2 Colors,makeup,eyes,eyeliner, 
pimprod2008577,2553309,W3LL PEOPLE,Expressionist Mascara,https://www.ulta.com/expressionist-mascara?productId=pimprod2008577,4.50,574,0,$19.00, ,2 Colors,makeup,eyes, , 
pimprod2008578,2553268,W3LL PEOPLE,Bio Correct Multi-Action Concealer,https://www.ulta.com/bio-correct-multi-action-concealer?productId=pimprod2008578,4.40,669,0,$20.00, ,4 Colors,makeup,face, , 
pimprod2008579,2553261,W3LL PEOPLE,Bio Base Pressed Foundation,https://www.ulta.com/bio-base-pressed-foundation?productId=pimprod2008579,4.30,79,0,$25.00, ,6 Colors,makeup,face, , 
pimprod2008585,2555215,REVOLUTION SKINCARE,Revolution Skin Pore Refining Peel,https://www.ulta.com/revolution-skin-pore-refining-peel?productId=pimprod2008585,3.00,1,0,$4.99, , ,skin care,treatment & serums, , 
pimprod2008593,2555216,REVOLUTION SKINCARE,Revolution Skincare x Jake-Jamie Revitalising Essence Spray,https://www.ulta.com/revolution-skincare-x-jake-jamie-revitalising-essence-spray?productId=pimprod2008593,3.50,2,0,$5.49, , ,skin care,cleansers,toner, 
pimprod2008848,2552863,Pravana,Color Protect Conditioner,https://www.ulta.com/color-protect-conditioner?productId=pimprod2008848,3.90,7,0,$19.99 - $44.99, ,2,hair,hair color, , 
pimprod2008862,2551213,The Hair Edit,Chevron Cuff,https://www.ulta.com/chevron-cuff?productId=pimprod2008862,3.00,2,0,$4.97, , ,tools & brushes,accessories, , 
pimprod2008863,2551200,The Hair Edit,Gunmetal Studded Hair Cuff,https://www.ulta.com/gunmetal-studded-hair-cuff?productId=pimprod2008863,3.00,3,0,$4.97, , ,tools & brushes,accessories, , 
pimprod2008864,2551208,The Hair Edit,Gunmetal Chevron Hair Cuff,https://www.ulta.com/gunmetal-chevron-hair-cuff?productId=pimprod2008864,0.0, ,0,$4.97, , ,tools & brushes,accessories, , 
pimprod2008865,2551204,The Hair Edit,Soft Gold Pyramid Cuff,https://www.ulta.com/soft-gold-pyramid-cuff?productId=pimprod2008865,0.0, ,0,$4.97, , ,tools & brushes,accessories, , 
pimprod2008872,2551198,The Hair Edit,Gunmetal Cable Wrap Hair Tie,https://www.ulta.com/gunmetal-cable-wrap-hair-tie?productId=pimprod2008872,3.00,1,0,$3.97, , ,tools & brushes,accessories, , 
pimprod2008981,2553854,REVOLUTION SKINCARE,1% Bakuchiol Serum,https://www.ulta.com/1-bakuchiol-serum?productId=pimprod2008981,2.80,6,0,$6.99, , ,skin care,treatment & serums,face serums, 
pimprod2008986,2134009,OPI,"Nail Lacquer Nail Polish, Blacks/Whites/Grays",https://www.ulta.com/nail-lacquer-nail-polish-blackswhitesgrays?productId=pimprod2008986,4.00,40,0,$5.25 - $10.50, ,6 Colors,nails,nail polish, , 
pimprod2008990,2547549,Physicians Formula,Mineral Wear 3-in-1 Setting Powder,https://www.ulta.com/mineral-wear-3-in-1-setting-powder?productId=pimprod2008990,4.10,29,0,$7.99, , ,makeup,face,face powder, 
pimprod2008994,2547553,Physicians Formula,The Perfect Matcha 3-in-1 Beauty Water,https://www.ulta.com/perfect-matcha-3-in-1-beauty-water?productId=pimprod2008994,3.50,18,0,$8.49, , ,skin care,cleansers,toner, 
pimprod2008995,2547552,Physicians Formula,Rosé Take The Day Away Cleanser,https://www.ulta.com/rose-take-day-away-cleanser?productId=pimprod2008995,4.00,95,0,$6.79, , ,skin care,cleansers,face wash, 
pimprod2008998,2511752,OPI,"Nail Lacquer Nail Polish, Blues",https://www.ulta.com/nail-lacquer-nail-polish-blues?productId=pimprod2008998,4.10,45,0,$5.25 - $10.50, ,6 Colors,nails,nail polish, , 
pimprod2009004,2056976,OPI,"Nail Lacquer Nail Polish, Nudes/Neutrals",https://www.ulta.com/nail-lacquer-nail-polish-nudesneutrals?productId=pimprod2009004,4.50,86,0,$5.25 - $10.50, ,7 Colors,nails,nail polish, , 
pimprod2009009,2118403,OPI,"Nail Lacquer Nail Polish, Purples",https://www.ulta.com/nail-lacquer-nail-polish-purples?productId=pimprod2009009,3.80,31,0,$5.25 - $10.50, ,9 Colors,nails,nail polish, , 
pimprod2009010,2051371,OPI,"Nail Lacquer Nail Polish, Reds",https://www.ulta.com/nail-lacquer-nail-polish-reds?productId=pimprod2009010,4.60,36,0,$5.25 - $10.50, ,9 Colors,nails,nail polish, , 
pimprod2009014,2552317,BH Cosmetics,Beautiful in Barcelona - 16 Color Shadow Palette,https://www.ulta.com/beautiful-in-barcelona-16-color-shadow-palette?productId=pimprod2009014,4.90,28,0,$8.00, , ,makeup,gifts & value sets,makeup palettes, 
pimprod2009041,2555340,Hugo Boss,BOSS The Scent Absolute Eau de Parfum,https://www.ulta.com/boss-scent-absolute-eau-de-parfum?productId=pimprod2009041,5.00,2,0,$97.00,Free Gift with Purchase!, ,fragrance,men's fragrance, , 
pimprod2009398,2554650,Riki Loves Riki,Riki Skinny Mirror,https://www.ulta.com/riki-skinny-mirror?productId=pimprod2009398,4.70,26,0,$195.00 - $205.00, ,2 Colors,tools & brushes,makeup brushes & tools, , 
pimprod2009488,2555737,Petite 'n Pretty,Glo$$ Balm Glossy Lip Balm,https://www.ulta.com/glo-balm-glossy-lip-balm?productId=pimprod2009488,5.00,28,0,$14.00,Free Gift with Purchase!,5 Colors,makeup,lips, , 
pimprod2009495,2555890,Petite 'n Pretty,10K Shine Lip Gloss,https://www.ulta.com/10k-shine-lip-gloss?productId=pimprod2009495,4.80,54,0,$14.00 - $16.00,Free Gift with Purchase!,6 Colors,makeup,lips, , 
pimprod2009905,2553668,I Heart Revolution,Coconut Dream Hydrating Primer,https://www.ulta.com/coconut-dream-hydrating-primer?productId=pimprod2009905,2.80,13,0,$3.99, , ,makeup,face, , 
pimprod2009906,2553666,I Heart Revolution,Banana Split Radiance Primer,https://www.ulta.com/banana-split-radiance-primer?productId=pimprod2009906,3.70,9,0,$3.99, , ,makeup,face,face primer, 
pimprod2009933,2553708,Makeup Revolution,Sheer Lip,https://www.ulta.com/sheer-lip?productId=pimprod2009933,4.20,31,0,$2.99, , ,makeup,lips, , 
pimprod2009950,2553840,REVOLUTION SKINCARE,Rose Tonic,https://www.ulta.com/rose-tonic?productId=pimprod2009950,4.00,2,0,$6.99, , ,skin care,cleansers,toner, 
pimprod2010127,2552240,REVOLUTION SKINCARE,CBD Serum,https://www.ulta.com/cbd-serum?productId=pimprod2010127,4.20,6,0,$6.99, , ,skin care,treatment & serums,face serums, 
pimprod2010129,2552243,REVOLUTION SKINCARE,Cica Tonic,https://www.ulta.com/cica-tonic?productId=pimprod2010129,2.00,2,0,$6.99, , ,skin care,cleansers,toner, 
pimprod2010198,2299341,OPI,"Nail Lacquer Nail Polish, Oranges/Yellows/Greens",https://www.ulta.com/nail-lacquer-nail-polish-orangesyellowsgreens?productId=pimprod2010198,4.10,27,0,$5.25 - $10.50, ,6 Colors,nails,nail polish, , 
pimprod2010633,2557854,Scünci,Herringbone Pattern Headband,https://www.ulta.com/herringbone-pattern-headband?productId=pimprod2010633,4.50,2,0,$5.97, , ,tools & brushes,accessories, , 
pimprod2010636,2557865,Scünci,Leather And Stripe Bow Scrunchie,https://www.ulta.com/leather-stripe-bow-scrunchie?productId=pimprod2010636,0.0, ,0,$5.97, , ,tools & brushes,accessories, , 
pimprod2010919,2557875,Scünci,Round Clear Barrette,https://www.ulta.com/round-clear-barrette?productId=pimprod2010919,2.70,3,0,$3.97, , ,tools & brushes,accessories, , 
pimprod2011010,2557842,Scünci,Pyramid Stone Salon Clip,https://www.ulta.com/pyramid-stone-salon-clip?productId=pimprod2011010,5.00,1,0,$3.97, , ,tools & brushes,accessories, , 
pimprod2011013,2557866,Scünci,Satin Scrunchie with Tulle Trim,https://www.ulta.com/satin-scrunchie-with-tulle-trim?productId=pimprod2011013,5.00,1,0,$5.97, , ,tools & brushes,accessories, , 
pimprod2011532,2557784,Plant Apothecary,Reset Organic Makeup Remover,https://www.ulta.com/reset-organic-makeup-remover?productId=pimprod2011532,3.90,17,0,$9.00, , ,skin care,cleansers, , 
pimprod2011611,2555747,REVOLUTION SKINCARE,Cica Balm,https://www.ulta.com/cica-balm?productId=pimprod2011611,4.00,4,0,$5.49, , ,nails,nail care, , 
pimprod2011648,2559261,Physicians Formula,Brow Gel,https://www.ulta.com/brow-gel?productId=pimprod2011648,4.20,456,0,$6.29 - $12.49, ,4 Colors,makeup,eyes,eyebrows, 
pimprod2011700,2559228,VitaminSea.beauty,Rosehip & Sea Buckthorn Moisturizing Facial Oil,https://www.ulta.com/rosehip-sea-buckthorn-moisturizing-facial-oil?productId=pimprod2011700,4.40,18,0,$5.99,"Buy 1, get 1 at 50% off!", ,skin care,moisturizers, , 
pimprod2011869,2557791,Gucci,Guilty Love Edition Pour Homme Eau de Toilette,https://www.ulta.com/guilty-love-edition-pour-homme-eau-de-toilette?productId=pimprod2011869,4.40,343,0,$77.00 - $97.00,Free Gift with Purchase!,2 Sizes,fragrance,men's fragrance, , 
pimprod2012104,2559295,Physicians Formula,Precision Liquid Eyeliner,https://www.ulta.com/precision-liquid-eyeliner?productId=pimprod2012104,4.00,17,0,$6.29 - $12.49,"Buy 1, get 1 at 50% off!",2 Colors,makeup,eyes,eyeliner, 
pimprod2012139,2559384,REVOLUTION SKINCARE,Purifying Rice Cleansing Powder,https://www.ulta.com/purifying-rice-cleansing-powder?productId=pimprod2012139,3.20,5,0,$6.99, , ,skin care,cleansers,face wash, 
pimprod2012140,2559383,REVOLUTION SKINCARE,Purifying Charcoal Cleansing Powder,https://www.ulta.com/purifying-charcoal-cleansing-powder?productId=pimprod2012140,3.30,3,0,$6.99, , ,skin care,cleansers,face wash, 
pimprod2012146,2557516,Yes to,Grapefruit Glow-Boosting Daily Exfoliating Tonic,https://www.ulta.com/grapefruit-glow-boosting-daily-exfoliating-tonic?productId=pimprod2012146,4.40,65,0,$7.49, , ,skin care,cleansers, , 
pimprod2012186,2557641,Plant Apothecary,Superfacial Organic Oil Moisturizer,https://www.ulta.com/superfacial-organic-oil-moisturizer?productId=pimprod2012186,4.50,28,0,$32.50, , ,skin care,moisturizers, , 
pimprod2012191,2557642,Plant Apothecary,"Superfacial Organic, Superlight Oil Moisturizer",https://www.ulta.com/superfacial-organic-superlight-oil-moisturizer?productId=pimprod2012191,4.90,15,0,$32.50, , ,skin care,moisturizers, , 
pimprod2012210,2557086,Revlon,Super Lustrous Glass Shine Lipstick,https://www.ulta.com/super-lustrous-glass-shine-lipstick?productId=pimprod2012210,4.60,1918,0,$4.99 - $9.99,"Buy 2, get 1 FREE - Add 3 items to qualify!",24 Colors,makeup,lips, , 
pimprod2012570,2554316,Makeup Revolution,Lip Vinyl,https://www.ulta.com/lip-vinyl?productId=pimprod2012570,4.00,12,0,$3.49 - $7.00, ,11 Colors,makeup,lips,lip gloss, 
pimprod2012777,2562307,W3LL PEOPLE,Expressionist Volumizing Mascara,https://www.ulta.com/expressionist-volumizing-mascara?productId=pimprod2012777,4.50,40,0,$19.00, ,2 Colors,makeup,eyes, , 
pimprod2012841,2559500,Botanics,Nourishing Organic Cotton Facial Wipes,https://www.ulta.com/nourishing-organic-cotton-facial-wipes?productId=pimprod2012841,4.00,20,0,$2.99, , ,skin care,cleansers, , 
pimprod2012892,2557370,Milani,Ludicrous Lip Gloss,https://www.ulta.com/ludicrous-lip-gloss?productId=pimprod2012892,4.60,175,0,$4.49, ,9 Colors,makeup,lips, , 
pimprod2012988,2554176,Makeup Revolution,Conceal & Define Satte Matte Powder Foundation,https://www.ulta.com/conceal-define-satte-matte-powder-foundation?productId=pimprod2012988,4.20,83,0,$5.49 - $11.00, ,13 Colors,makeup,face, , 
pimprod2012989,2557568,Milani,Most Wanted Palettes,https://www.ulta.com/most-wanted-palettes?productId=pimprod2012989,4.10,80,0,$4.99 - $9.99, ,4 Colors,makeup,gifts & value sets,makeup palettes, 
pimprod2012994,2557358,Milani,Screen Queen Foundation,https://www.ulta.com/screen-queen-foundation?productId=pimprod2012994,4.10,193,0,$6.99 - $13.99, ,45 Colors,makeup,face, , 
pimprod2013325,2559150,BH Cosmetics,Cashmere Cream - Comfort Lipstick,https://www.ulta.com/cashmere-cream-comfort-lipstick?productId=pimprod2013325,4.50,4,0,$2.40, ,8 Colors,makeup,lips,lipstick, 
pimprod2013339,2559528,Physicians Formula,Rosé All Day x Exteriorglam Palette,https://www.ulta.com/rose-all-day-x-exteriorglam-palette?productId=pimprod2013339,4.20,34,0,$9.99, , ,makeup,gifts & value sets,value sets, 
pimprod2013372,2566613,Catrice,Slim'matic Camouflage Stick,https://www.ulta.com/slimmatic-camouflage-stick?productId=pimprod2013372,1.60,5,0,$3.49, ,10 Colors,makeup,face,concealer, 
pimprod2013400,2559313,Physicians Formula,Natural Defense Protect Your Prime Oil SPF 15,https://www.ulta.com/natural-defense-protect-your-prime-oil-spf-15?productId=pimprod2013400,3.80,9,0,$7.99, , ,makeup,face,face primer, 
pimprod2013401,2558551,e.l.f. Cosmetics,"Glow, Gleam, Beam Highlighting Palette",https://www.ulta.com/glow-gleam-beam-highlighting-palette?productId=pimprod2013401,4.30,43,0,$5.00,Free Gift with Purchase!, ,makeup,gifts & value sets,makeup palettes, 
pimprod2013402,2558554,e.l.f. Cosmetics,Total Face Sponge Duo,https://www.ulta.com/total-face-sponge-duo?productId=pimprod2013402,4.40,24,0,$8.00,Free Gift with Purchase!, ,tools & brushes,makeup brushes & tools, , 
pimprod2013449,2562296,Pixi,Glow-y Powder,https://www.ulta.com/glow-y-powder?productId=pimprod2013449,4.10,7,0,$8.99, , ,makeup,face,highlighter, 
pimprod2013452,2562274,Pixi,LipLift Max,https://www.ulta.com/liplift-max?productId=pimprod2013452,4.60,14,0,$6.99 - $14.00, ,5 Colors,makeup,lips,lip plumpers, 
pimprod2013458,2562280,Pixi,pHenomenal Gel,https://www.ulta.com/phenomenal-gel?productId=pimprod2013458,3.50,2,0,$11.99, , ,skin care,moisturizers, , 
pimprod2013516,2558454,Wet n Wild,Mega Last Stained Glass Lip Gloss,https://www.ulta.com/mega-last-stained-glass-lip-gloss?productId=pimprod2013516,4.40,85,0,$2.99, , ,makeup,lips, , 
pimprod2013730,2568327,Pixi,Lip Icing,https://www.ulta.com/lip-icing?productId=pimprod2013730,5.00,4,0,$6.99 - $14.00, ,3 Colors,makeup,lips,lipstick, 
pimprod2014398,2560545,Revolution PRO,New Neutrals Blushed Satin Matte Lipstick,https://www.ulta.com/new-neutrals-blushed-satin-matte-lipstick?productId=pimprod2014398,3.80,13,0,$4.49, ,4 Colors,makeup,lips,lipstick, 
pimprod2014445,2562119,Australian Glow,One Hour Express Self Tan Mousse,https://www.ulta.com/one-hour-express-self-tan-mousse?productId=pimprod2014445,4.30,65,0,$24.99 - $29.99,Free Gift with Purchase!,2 Colors,bath & body,suncare, , 
pimprod2014454,2562123,Australian Glow,One Hour Express Self Tan Mousse Refill,https://www.ulta.com/one-hour-express-self-tan-mousse-refill?productId=pimprod2014454,5.00,4,0,$22.99 - $26.99, ,2 Colors,bath & body,suncare, , 
pimprod2014588,2563483,Yves Saint Laurent,Y Eau Fraîche Eau de Toilette,https://www.ulta.com/y-eau-fraiche-eau-de-toilette?productId=pimprod2014588,4.80,19,0,$80.00 - $97.00,Free Gift with Purchase!,2 Sizes,fragrance,men's fragrance, , 
pimprod2015135,2562582,Nailtopia,"Plant Based, Bio-Sourced, Chip Free Nail Lacquer",https://www.ulta.com/plant-based-bio-sourced-chip-free-nail-lacquer?productId=pimprod2015135,4.70,277,0,$10.00, ,71 Colors,nails,nail polish, , 
pimprod2015262,2566442,REVOLUTION SKINCARE,Rose & Camomile Serum,https://www.ulta.com/rose-camomile-serum?productId=pimprod2015262,0.0, ,0,$6.99, , ,skin care,treatment & serums,face serums, 
pimprod2015268,2559235,Dr. PAWPAW,Multipurpose Soothing Balm,https://www.ulta.com/multipurpose-soothing-balm?productId=pimprod2015268,4.20,32,0,$8.00 - $10.00, ,2 Options,bath & body,body moisturizers, , 
pimprod2015270,2566450,REVOLUTION SKINCARE,Mood Skin Booster,https://www.ulta.com/mood-skin-booster?productId=pimprod2015270,0.0, ,0,$6.99, ,2 Options,skin care,treatment & serums,face serums, 
pimprod2015274,2566451,REVOLUTION SKINCARE,Mood Moisture Cream,https://www.ulta.com/mood-moisture-cream?productId=pimprod2015274,0.0, ,0,$6.99, ,2 Options,skin care,moisturizers, , 
pimprod2015278,2566448,REVOLUTION SKINCARE,Thirsty Mood Quenching Cleansing Cream,https://www.ulta.com/thirsty-mood-quenching-cleansing-cream?productId=pimprod2015278,2.00,1,0,$4.99, , ,skin care,cleansers,face wash, 
pimprod2015577,2567074,Erborian,Travel Size CC Crème,https://www.ulta.com/travel-size-cc-creme?productId=pimprod2015577,5.00,3,0,$22.00 - $24.00, ,2 Colors,makeup,travel size, , 
pimprod2015674,2567525,e.l.f. Cosmetics,Speak For Your e.l.f. Kit,https://www.ulta.com/speak-your-elf-kit?productId=pimprod2015674,5.00,5,0,$5.00,Free Gift with Purchase!, ,makeup,gifts & value sets,value sets, 
pimprod2015675,2567524,e.l.f. Cosmetics,Feel Your e.l.f. Kit,https://www.ulta.com/feel-your-elf-kit?productId=pimprod2015675,4.30,4,0,$7.50,Free Gift with Purchase!, ,makeup,gifts & value sets, , 
pimprod2015858,2562914,I Heart Revolution,Tasty Peach Liquid Lipstick,https://www.ulta.com/tasty-peach-liquid-lipstick?productId=pimprod2015858,2.60,9,0,$3.49 - $7.00, ,4 Colors,makeup,lips, , 
pimprod2015910,2023655,CHANEL,PLATINUM ÉGOÏSTE Eau de Toilette Spray,https://www.ulta.com/platinum-egoiste-eau-de-toilette-spray?productId=pimprod2015910,0.0, ,0,$97.00, , ,men,cologne, , 
pimprod2015911,2024344,CHANEL,ALLURE HOMME Eau de Toilette Spray,https://www.ulta.com/allure-homme-eau-de-toilette-spray?productId=pimprod2015911,0.0, ,0,$97.00, , ,men,cologne, , 
pimprod2015930,2100393,CHANEL,ALLURE HOMME SPORT Eau de Toilette Spray,https://www.ulta.com/allure-homme-sport-eau-de-toilette-spray?productId=pimprod2015930,0.0, ,0,$77.00 - $97.00, ,2 Sizes,men,cologne, , 
pimprod2016143,2562893,Makeup Revolution,Molten Body Glow,https://www.ulta.com/molten-body-glow?productId=pimprod2016143,4.80,17,0,$8.49 - $17.00, ,3 Colors,bath & body,suncare, , 
pimprod2016487,2568119,Burberry,Her London Dream Eau de Parfum,https://www.ulta.com/her-london-dream-eau-de-parfum?productId=pimprod2016487,4.30,460,0,$74.00 - $97.00,Free Gift with Purchase!,2 Sizes,fragrance,women's fragrance, , 
pimprod2016569,2569558,Bondi Sands,Self Tanning Foam,https://www.ulta.com/self-tanning-foam?productId=pimprod2016569,4.70,1818,0,$24.00 - $26.00, ,3 Colors,bath & body,suncare, , 
pimprod2016570,2569556,Bondi Sands,Self Tanning Lotion,https://www.ulta.com/self-tanning-lotion?productId=pimprod2016570,4.50,308,0,$24.00 - $26.00, ,3 Colors,bath & body,suncare, , 
pimprod2016780,2566620,Catrice,Glow Squad Highlighter Palette,https://www.ulta.com/glow-squad-highlighter-palette?productId=pimprod2016780,0.0, ,0,$5.99, , ,makeup,gifts & value sets,makeup palettes, 
pimprod2017175,2567523,e.l.f. Cosmetics,"Me, My e.l.f. and Eye",https://www.ulta.com/me-my-elf-eye?productId=pimprod2017175,5.00,2,0,$7.50, , ,makeup,gifts & value sets, , 
pimprod2017773,2568400,Philosophy,Ready. Set. Glow! Trial Set,https://www.ulta.com/ready-set-glow-trial-set?productId=pimprod2017773,4.50,19,0,$49.00, , ,skin care,gifts & value sets, , 
pimprod2017919,2566274,I Heart Revolution,Turkish Delight Mini Chocolate Palette,https://www.ulta.com/turkish-delight-mini-chocolate-palette?productId=pimprod2017919,5.00,3,0,$8.00,2 for $10!, ,makeup,gifts & value sets,makeup palettes, 
pimprod2018114,2571100,KVD Vegan Beauty,Shade + Light Powder Contour Palette Refill,https://www.ulta.com/shade-light-powder-contour-palette-refill?productId=pimprod2018114,4.50,58,0,$14.00 - $16.00, ,6 Colors,makeup,gifts & value sets,makeup palettes, 
pimprod2018160,2571440,SAND & SKY,Tasmanian Spring Water - Splash Serum,https://www.ulta.com/tasmanian-spring-water-splash-serum?productId=pimprod2018160,3.00,1,0,$52.00, , ,skin care,treatment & serums,face serums, 
pimprod2018217,2568606,Bumble and bumble,Travel Size Bb. Hairdresser's Invisible Oil Mask,https://www.ulta.com/travel-size-bb-hairdressers-invisible-oil-mask?productId=pimprod2018217,5.00,1,0,$15.00, , ,hair,travel size, , 
pimprod2018283,2568219,Clinique,Moisture Surge Intense 72H Lipid-Replenishing Hydrator,https://www.ulta.com/moisture-surge-intense-72h-lipid-replenishing-hydrator?productId=pimprod2018283,3.70,47,0,$21.00 - $54.00,"Online Only Spend $30 in Clinique, get a Fresh Pressed Recharge System (sku 2560152 or 2560144) for $15 (valid thru 1/30/21)!
						

									Free Gift with Purchase!",3 Sizes,skin care,moisturizers,face moisturizer, 
pimprod2018465,2570472,AG Hair,Hands Free Clean Hand Sanitizer Spray,https://www.ulta.com/hands-free-clean-hand-sanitizer-spray?productId=pimprod2018465,3.50,2,0,$9.99, , ,bath & body,hand & foot care, , 
pimprod2018466,2570473,AG Hair,Hands Free Clean Hand Sanitizer Gel,https://www.ulta.com/hands-free-clean-hand-sanitizer-gel?productId=pimprod2018466,0.0, ,0,$9.99, , ,bath & body,hand & foot care, , 
pimprod2018972,2565730,ULTA,Pumpkin Spice Moisturizing Body Wash,https://www.ulta.com/pumpkin-spice-moisturizing-body-wash?productId=pimprod2018972,4.70,3,0,$4.75, , ,bath & body,ulta collection, , 
pimprod2018973,2565731,ULTA,Iced Pumpkin Moisturizing Body Wash,https://www.ulta.com/iced-pumpkin-moisturizing-body-wash?productId=pimprod2018973,4.50,4,0,$4.75, , ,bath & body,ulta collection, , 
pimprod2018974,2565733,ULTA,Crisp Apple Moisturizing Body Wash,https://www.ulta.com/crisp-apple-moisturizing-body-wash?productId=pimprod2018974,3.80,4,0,$4.75, , ,bath & body,ulta collection, , 
pimprod2018975,2565729,ULTA,Fall Leaves Moisturizing Body Wash,https://www.ulta.com/fall-leaves-moisturizing-body-wash?productId=pimprod2018975,5.00,2,0,$4.75, , ,bath & body,ulta collection, , 
pimprod2018976,2565732,ULTA,Pumpkin Spice Fragrance Body Mist,https://www.ulta.com/pumpkin-spice-fragrance-body-mist?productId=pimprod2018976,3.70,3,0,$4.75, , ,fragrance,women's fragrance,body mist & hair mist, 
pimprod2018978,2565734,ULTA,Pumpkin Spice Moisturizing Body Lotion,https://www.ulta.com/pumpkin-spice-moisturizing-body-lotion?productId=pimprod2018978,4.50,6,0,$4.75, , ,bath & body,ulta collection, , 
pimprod2018979,2565735,ULTA,Iced Pumpkin Moisturizing Body Lotion,https://www.ulta.com/iced-pumpkin-moisturizing-body-lotion?productId=pimprod2018979,5.00,5,0,$4.75, , ,bath & body,ulta collection, , 
pimprod2018980,2565739,ULTA,Iced Pumpkin Fragrance Body Mist,https://www.ulta.com/iced-pumpkin-fragrance-body-mist?productId=pimprod2018980,3.30,4,0,$4.75, , ,fragrance,women's fragrance,body mist & hair mist, 
pimprod2018982,2565737,ULTA,Crisp Apple Fragrance Body Mist,https://www.ulta.com/crisp-apple-fragrance-body-mist?productId=pimprod2018982,4.30,7,0,$4.75, , ,fragrance,women's fragrance,body mist & hair mist, 
pimprod2018985,2565736,ULTA,Crisp Apple Moisturizing Body Lotion,https://www.ulta.com/crisp-apple-moisturizing-body-lotion?productId=pimprod2018985,3.70,3,0,$4.75, , ,bath & body,ulta collection, , 
pimprod2018986,2565740,ULTA,Fall Leaves Moisturizing Body Lotion,https://www.ulta.com/fall-leaves-moisturizing-body-lotion?productId=pimprod2018986,4.40,5,0,$4.75, , ,bath & body,ulta collection, , 
pimprod2018987,2565738,ULTA,Fall Leaves Fragrance Body Mist,https://www.ulta.com/fall-leaves-fragrance-body-mist?productId=pimprod2018987,3.70,3,0,$4.75, , ,fragrance,women's fragrance, , 
xlsImpprod10521131,2274991,Revlon,ColorStay Skinny Liquid Liner,https://www.ulta.com/colorstay-skinny-liquid-liner?productId=xlsImpprod10521131,4.10,309,0,$4.25 - $8.49, ,2 Colors,makeup,eyes,eyeliner, 
xlsImpprod10711259,2277021,Formula 10.0.6,Three Times Sublime,https://www.ulta.com/three-times-sublime?productId=xlsImpprod10711259,4.70,289,0,$7.99, , ,skin care,cleansers,face wash, 
xlsImpprod10791743,2261902,Clinique,Dramatically Different Moisturizing Lotion+,https://www.ulta.com/dramatically-different-moisturizing-lotion?productId=xlsImpprod10791743,4.40,1188,0,$16.00 - $29.50,"Online Only Spend $30 in Clinique, get a Fresh Pressed Recharge System (sku 2560152 or 2560144) for $15 (valid thru 1/30/21)!
						

									Free Gift with Purchase!",2 Sizes,skin care,moisturizers,face moisturizer, 
xlsImpprod10791929,2247037,Clinique,Stay Matte Oil-Free Makeup,https://www.ulta.com/stay-matte-oil-free-makeup?productId=xlsImpprod10791929,4.30,649,0,$28.50 - $31.00,"Online Only Spend $30 in Clinique, get a Fresh Pressed Recharge System (sku 2560152 or 2560144) for $15 (valid thru 1/30/21)!
						

									Free Gift with Purchase!",20 Colors,makeup,face,foundation, 
xlsImpprod10991395,2510370,Sally Hansen,Miracle Gel,https://www.ulta.com/miracle-gel?productId=xlsImpprod10991395,4.10,10548,0,$9.99, ,61 Colors,nails,nail polish, , 
xlsImpprod11061226,2275611,CoverGirl,Outlast All Day Lip Color,https://www.ulta.com/outlast-all-day-lip-color?productId=xlsImpprod11061226,4.10,1188,0,$10.99 - $11.99,"Buy 2, get 1 FREE - Add 3 items to qualify!",9 Colors,makeup,lips, , 
xlsImpprod11351217,2503125,Maybelline,Color Sensational Creamy Matte Lip Color,https://www.ulta.com/color-sensational-creamy-matte-lip-color?productId=xlsImpprod11351217,4.50,741,0,$3.99 - $8.49,"Buy 2, get 1 FREE - Add 3 items to qualify!",10 Colors,makeup,lips, , 
xlsImpprod12051101,2287640,Eyeko,Black Magic Mascara Drama & Curl,https://www.ulta.com/black-magic-mascara-drama-curl?productId=xlsImpprod12051101,4.40,270,0,$24.00, , ,makeup,eyes, , 
xlsImpprod12051105,2287642,Eyeko,Sport Waterproof Collagen Mascara,https://www.ulta.com/sport-waterproof-collagen-mascara?productId=xlsImpprod12051105,4.20,105,0,$24.00, , ,makeup,eyes, , 
xlsImpprod12051107,2287648,Eyeko,Tinted Brow Gel Shape & Define,https://www.ulta.com/tinted-brow-gel-shape-define?productId=xlsImpprod12051107,4.10,22,0,$23.00, , ,makeup,eyes,eyebrows, 
xlsImpprod12781015,2505627,Red Carpet Manicure,"Blue, Green & Yellow LED Gel Nail Polish Collection",https://www.ulta.com/blue-green-yellow-led-gel-nail-polish-collection?productId=xlsImpprod12781015,3.60,145,0,$9.99,Purchase a Red Carpet Manicure Kit and Get a Gel or Dip Free (offer valid 11/29/20-12/24/20 or while quantities last)!,9 Colors,nails,nail polish, , 
xlsImpprod12831179,2287993,ULTA,Mineral Blush,https://www.ulta.com/mineral-blush?productId=xlsImpprod12831179,4.50,821,0,$12.00,"Buy 2, get 1 FREE - Add 3 items to qualify!",8 Colors,makeup,ulta collection, , 
xlsImpprod12841059,2293326,Eyeko,Rock Out & Lash Out Lengthen Mascara,https://www.ulta.com/rock-out-lash-out-lengthen-mascara?productId=xlsImpprod12841059,4.60,68,0,$24.00, , ,makeup,eyes, , 
xlsImpprod13221269,2546362,Invisibobble,Original Traceless Hair Ring-Nude,https://www.ulta.com/original-traceless-hair-ring-nude?productId=xlsImpprod13221269,4.30,286,0,$7.95 - $8.00,"Buy 1, get 1 at 50% off!",5 Colors,tools & brushes,accessories, , 
xlsImpprod13541029,2296157,Revlon,Ultra HD Matte Lip Color,https://www.ulta.com/ultra-hd-matte-lip-color?productId=xlsImpprod13541029,4.10,1403,0,$4.99 - $9.99,"Buy 2, get 1 FREE - Add 3 items to qualify!",12 Colors,makeup,lips, , 
xlsImpprod13901007,2545690,Catrice,Liquid Camouflage Concealer,https://www.ulta.com/liquid-camouflage-concealer?productId=xlsImpprod13901007,4.00,599,0,$2.99 - $6.00, ,18 Colors,makeup,face, , 
xlsImpprod14011047,2303069,L'Oréal,Colour Riche Collection Exclusive Pink Lipcolour,https://www.ulta.com/colour-riche-collection-exclusive-pink-lipcolour?productId=xlsImpprod14011047,4.60,986,0,$5.49 - $10.99,"Buy 2, get 1 FREE - Add 3 items to qualify!",2 Colors,makeup,lips,lipstick, 
xlsImpprod14411007,2557805,Smashbox,Always On Longwear Matte Liquid Lipstick,https://www.ulta.com/always-on-longwear-matte-liquid-lipstick?productId=xlsImpprod14411007,4.30,1465,0,$17.97 - $24.00, ,23 Colors,makeup,lips, , 
xlsImpprod14481009,2517396,Orly,Breathable Treatment + Color,https://www.ulta.com/breathable-treatment-color?productId=xlsImpprod14481009,4.10,316,0,$8.99 - $9.99, ,21 Colors,nails,nail care, , 
xlsImpprod1450274,2209732,Billy Jealousy,Fuzzy Logic Strengthening Shampoo,https://www.ulta.com/fuzzy-logic-strengthening-shampoo?productId=xlsImpprod1450274,4.60,15,0,$10.97, , ,men,hair, , 
xlsImpprod1450278,2209726,Billy Jealousy,Hydroplane Super-Slick Shave Cream,https://www.ulta.com/hydroplane-super-slick-shave-cream?productId=xlsImpprod1450278,4.70,65,0,$4.97, , ,men,shaving, , 
xlsImpprod14541123,2538892,e.l.f. Cosmetics,Flawless Finish Foundation,https://www.ulta.com/flawless-finish-foundation?productId=xlsImpprod14541123,3.90,2060,0,$2.97 - $6.00,Free Gift with Purchase!,26 Colors,makeup,face,foundation, 
xlsImpprod14771013,2306708,Unwash,Travel Size Dry Cleanser,https://www.ulta.com/travel-size-dry-cleanser?productId=xlsImpprod14771013,4.40,38,0,$6.97, , ,hair,travel size, , 
xlsImpprod14941015,2501866,Eyeko,Black Magic Eyeliner & Mascara Duo,https://www.ulta.com/black-magic-eyeliner-mascara-duo?productId=xlsImpprod14941015,4.40,19,0,$35.00, , ,makeup,gifts & value sets,value sets, 
xlsImpprod14941019,2501868,Eyeko,Skinny Eyeliner & Mascara Duo,https://www.ulta.com/skinny-eyeliner-mascara-duo?productId=xlsImpprod14941019,4.50,13,0,$35.00, , ,makeup,gifts & value sets,value sets, 
xlsImpprod14941021,2501869,Eyeko,Fat Eyeliner & Mascara Duo,https://www.ulta.com/fat-eyeliner-mascara-duo?productId=xlsImpprod14941021,4.40,9,0,$35.00, , ,makeup,gifts & value sets,value sets, 
xlsImpprod15251001,2522395,Physicians Formula,Murumuru Butter Blush,https://www.ulta.com/murumuru-butter-blush?productId=xlsImpprod15251001,3.60,258,0,$12.95 - $13.49,"Buy 1, get 1 at 50% off!",2 Colors,makeup,face, , 
xlsImpprod15381033,2502287,Botanics,80% Organic Hydrating Eye Cream,https://www.ulta.com/80-organic-hydrating-eye-cream?productId=xlsImpprod15381033,4.20,92,0,$8.99, , ,skin care,eye treatments, , 
xlsImpprod15651132,2509043,Eyeko,Lash Alert Caffeine Curl Mascara,https://www.ulta.com/lash-alert-caffeine-curl-mascara?productId=xlsImpprod15651132,4.50,111,0,$24.00, , ,makeup,eyes, , 
xlsImpprod15671047,2507312,Anthony,Conditioning Beard Wash,https://www.ulta.com/conditioning-beard-wash?productId=xlsImpprod15671047,5.00,1,0,$12.97, , ,men,shaving, , 
xlsImpprod16081019,2510292,Leaders,CHARCOAL PORE DEEP Cleansing Foam,https://www.ulta.com/charcoal-pore-deep-cleansing-foam?productId=xlsImpprod16081019,4.80,13,0,$5.97, , ,skin care,cleansers,face wash, 
xlsImpprod16171133,2508638,Revlon,Ultra HD Matte Metallic Lipcolor,https://www.ulta.com/ultra-hd-matte-metallic-lipcolor?productId=xlsImpprod16171133,4.30,761,0,$4.99 - $9.99, ,4 Colors,makeup,lips,lipstick, 
xlsImpprod16211139,2510065,L'Oréal,Colour Riche Matte Lipcolour,https://www.ulta.com/colour-riche-matte-lipcolour?productId=xlsImpprod16211139,4.60,986,0,$5.49 - $10.99,"Buy 2, get 1 FREE - Add 3 items to qualify!",8 Colors,makeup,lips, , 
xlsImpprod16211147,2510080,L'Oréal,Infallible Pro Glow Concealer,https://www.ulta.com/infallible-pro-glow-concealer?productId=xlsImpprod16211147,3.40,234,0,$4.99, ,5 Colors,makeup,face, , 
xlsImpprod16411015,2514726,Wet n Wild,MegaGlo Highlighting Powder,https://www.ulta.com/megaglo-highlighting-powder?productId=xlsImpprod16411015,4.60,1017,0,$5.99, ,3 Colors,makeup,face,highlighter, 
xlsImpprod16501087,2511490,Essence,Eyeliner Pen Longlasting,https://www.ulta.com/eyeliner-pen-longlasting?productId=xlsImpprod16501087,3.20,52,0,$1.99 - $2.99, ,2 Colors,makeup,eyes,eyeliner, 
xlsImpprod16541211,2572497,Aquis,Rapid Dry Lisse Hair Turban,https://www.ulta.com/rapid-dry-lisse-hair-turban?productId=xlsImpprod16541211,4.30,25,0,$30.00 - $32.00, ,5 Colors,bath & body,bath & body accessories, , 
xlsImpprod16691009,2524710,Wet n Wild,Megalast Liquid Catsuit Metallic Lipstick,https://www.ulta.com/megalast-liquid-catsuit-metallic-lipstick?productId=xlsImpprod16691009,4.20,127,0,$4.99 - $5.29, ,3 Colors,makeup,lips,lipstick, 
xlsImpprod16731049,2518221,Wet n Wild,MegaLast Liquid Catsuit Matte Lipstick,https://www.ulta.com/megalast-liquid-catsuit-matte-lipstick?productId=xlsImpprod16731049,4.30,607,0,$5.49, ,7 Colors,makeup,lips, , 
xlsImpprod16731069,2518272,Wet n Wild,PhotoFocus Liquid Foundation,https://www.ulta.com/photofocus-liquid-foundation?productId=xlsImpprod16731069,4.10,8499,0,$3.29 - $6.49, ,19 Colors,makeup,face,foundation, 
xlsImpprod16971099,2517264,Revlon,"PhotoReady Prep, Set, Refresh Mist",https://www.ulta.com/photoready-prep-set-refresh-mist?productId=xlsImpprod16971099,4.50,546,0,$6.49, , ,makeup,face, , 
xlsImpprod17081111,2520006,Milani,Stay Put Brow Color,https://www.ulta.com/stay-put-brow-color?productId=xlsImpprod17081111,4.40,196,0,$4.29 - $8.49, ,3 Colors,makeup,eyes,eyebrows, 
xlsImpprod17161495,2520133,L'Oréal,Brow Stylist Boost & Set Brow Mascara,https://www.ulta.com/brow-stylist-boost-set-brow-mascara?productId=xlsImpprod17161495,4.10,130,0,$5.49 - $10.99, ,3 Colors,makeup,eyes,eyebrows, 
xlsImpprod17161519,2520142,L'Oréal,True Match Lumi Shimmerista Highlighting Powder,https://www.ulta.com/true-match-lumi-shimmerista-highlighting-powder?productId=xlsImpprod17161519,4.50,162,0,$7.49, ,2 Colors,makeup,face, , 
xlsImpprod17161541,2537853,Maybelline,Super Stay Full Coverage Foundation,https://www.ulta.com/super-stay-full-coverage-foundation?productId=xlsImpprod17161541,3.80,1160,0,$5.99 - $11.99,"Buy 2, get 1 FREE - Add 3 items to qualify!",24 Colors,makeup,face,foundation, 
xlsImpprod17231081,2522558,Nuface,Hydrating Leave-On Gel Primer,https://www.ulta.com/hydrating-leave-on-gel-primer?productId=xlsImpprod17231081,4.30,70,0,$6.97 - $48.00, ,2 Sizes,skin care,treatment & serums, , 
xlsImpprod17451023,2524621,e.l.f. Cosmetics,Liquid Matte Lipstick,https://www.ulta.com/liquid-matte-lipstick?productId=xlsImpprod17451023,3.90,376,0,$3.00,Free Gift with Purchase!,2 Colors,makeup,lips,lipstick, 
xlsImpprod17631357,2524673,Wet n Wild,MegaGlo Liquid Highlighter,https://www.ulta.com/megaglo-liquid-highlighter?productId=xlsImpprod17631357,4.10,896,0,$2.99 - $5.99, ,3 Colors,makeup,face, , 
xlsImpprod17691281,2524109,Lancôme,L'Absolu Gloss,https://www.ulta.com/labsolu-gloss?productId=xlsImpprod17691281,4.70,57,0,$25.00 - $26.00,"Online Only Spend $42 in Lancôme, get a Holiday Beauty Box (sku 2571983 or 2571984) for $72.50, a $555 value (valid thru 12/31/20 or while quantities last)!",19 Colors,makeup,lips, , 
xlsImpprod17691309,2526395,Eyeko,Yoga Waterproof Vegan Mascara,https://www.ulta.com/yoga-waterproof-vegan-mascara?productId=xlsImpprod17691309,3.80,15,0,$24.00, , ,makeup,eyes, , 
xlsImpprod17721255,2523016,Essence,Soft Contouring Lipliner,https://www.ulta.com/soft-contouring-lipliner?productId=xlsImpprod17721255,4.20,160,0,$1.29, ,2 Colors,makeup,lips, , 
xlsImpprod17761957,2522593,Loving Tan,Deluxe Bronzing Mousse,https://www.ulta.com/deluxe-bronzing-mousse?productId=xlsImpprod17761957,4.10,427,0,$34.95 - $39.95, ,3 Colors,skin care,suncare, , 
xlsImpprod17821157,2524523,Red Carpet Manicure,Style Blooms LED Gel Nail Polish Collection,https://www.ulta.com/style-blooms-led-gel-nail-polish-collection?productId=xlsImpprod17821157,3.10,34,0,$9.99,Purchase a Red Carpet Manicure Kit and Get a Gel or Dip Free (offer valid 11/29/20-12/24/20 or while quantities last)!,5 Colors,nails,nail polish, , 
xlsImpprod17991011,2528116,Elizabeth Arden,Green Tea Fig Eau de Toilette,https://www.ulta.com/green-tea-fig-eau-de-toilette?productId=xlsImpprod17991011,3.60,5,0,$29.50 - $39.50,Free Gift with Purchase!,2 Sizes,fragrance,women's fragrance,perfume, 
xlsImpprod18101021,2526473,Revlon,Kiss Cushion Lip Tint,https://www.ulta.com/kiss-cushion-lip-tint?productId=xlsImpprod18101021,4.30,1991,0,$4.99,"Buy 2, get 1 FREE - Add 3 items to qualify!",10 Colors,makeup,lips, , 
xlsImpprod1810157,2123487,Revlon,ColorStay Makeup For Combo/Oily Skin,https://www.ulta.com/colorstay-makeup-combooily-skin?productId=xlsImpprod1810157,4.20,1849,0,$6.99 - $13.99, ,32 Colors,makeup,face, , 
xlsImpprod18321343,2526828,Kiesque,Liquid Palisade Polish Barrier-Thick,https://www.ulta.com/liquid-palisade-polish-barrier-thick?productId=xlsImpprod18321343,4.00,24,0,$7.00, , ,nails,nail art & design, , 
xlsImpprod18361163,2532238,Eyeko,Beach Waterproof Vegan Mascara,https://www.ulta.com/beach-waterproof-vegan-mascara?productId=xlsImpprod18361163,3.60,116,0,$24.00, , ,makeup,eyes, , 
xlsImpprod18361165,2532239,Eyeko,Travel Size Yoga Waterproof Vegan Mascara,https://www.ulta.com/travel-size-yoga-waterproof-vegan-mascara?productId=xlsImpprod18361165,3.50,6,0,$13.00, , ,makeup,travel size, , 
xlsImpprod18451169,2529389,L'Oréal,Colour Riche Ultra Matte Nude Lipstick,https://www.ulta.com/colour-riche-ultra-matte-nude-lipstick?productId=xlsImpprod18451169,4.60,309,0,$5.49, ,4 Colors,makeup,lips, , 
xlsImpprod18591098,2531752,e.l.f. Cosmetics,Antioxidant Booster Drops,https://www.ulta.com/antioxidant-booster-drops?productId=xlsImpprod18591098,4.10,193,0,$4.99,Free Gift with Purchase!, ,skin care,treatment & serums,face serums, 
xlsImpprod19011095,2532911,Calvin Klein,Women Eau de Parfum,https://www.ulta.com/women-eau-de-parfum?productId=xlsImpprod19011095,4.20,104,0,$85.00,Free Gift with Purchase!, ,fragrance,women's fragrance, , 
xlsImpprod19021007,2575267,ICONIC LONDON,Prep Set Glow,https://www.ulta.com/prep-set-glow?productId=xlsImpprod19021007,4.10,76,0,$25.00 - $29.00, ,3 Colors,skin care,moisturizers, , 
xlsImpprod3520039,2138311,Revlon,ColorStay Lip Liner,https://www.ulta.com/colorstay-lip-liner?productId=xlsImpprod3520039,4.40,1644,0,$4.99,"Buy 2, get 1 FREE - Add 3 items to qualify!",2 Colors,makeup,lips, , 
xlsImpprod4070011,2566778,Maybelline,Eye Studio Master Precise Liquid Eyeliner,https://www.ulta.com/eye-studio-master-precise-liquid-eyeliner?productId=xlsImpprod4070011,3.90,832,0,$7.99 - $8.99,"Buy 2, get 1 FREE - Add 3 items to qualify!",3 Colors,makeup,eyes,eyeliner, 
xlsImpprod4070041,2240660,L'Oréal,Studio Secrets Magic Lumi Highlighter,https://www.ulta.com/studio-secrets-magic-lumi-highlighter?productId=xlsImpprod4070041,4.00,127,0,$12.99 - $13.49,"Buy 2, get 1 FREE - Add 3 items to qualify!",4 Colors,makeup,face, , 
xlsImpprod4480167,2246795,L'Oréal,True Match Lumi Healthy Luminous Makeup,https://www.ulta.com/true-match-lumi-healthy-luminous-makeup?productId=xlsImpprod4480167,3.90,1280,0,$6.49 - $12.99,"Buy 2, get 1 FREE - Add 3 items to qualify!",15 Colors,makeup,face, , 
xlsImpprod5160153,2255823,Gucci,Guilty Black Pour Homme Eau de Toilette,https://www.ulta.com/guilty-black-pour-homme-eau-de-toilette?productId=xlsImpprod5160153,4.80,53,0,$77.00 - $97.00,Free Gift with Purchase!,2 Sizes,men,cologne, , 
xlsImpprod5400011,2261099,Almay,Longwear & Waterproof Eye Makeup Remover Pads,https://www.ulta.com/longwear-waterproof-eye-makeup-remover-pads?productId=xlsImpprod5400011,3.80,420,0,$2.99, , ,makeup,eyes,eye makeup remover, 
xlsImpprod5780106,2264975,Dermalogica,Clear Start Breakout Clearing Foaming Wash,https://www.ulta.com/clear-start-breakout-clearing-foaming-wash?productId=xlsImpprod5780106,4.40,351,0,$19.50 - $28.00, ,2 Sizes,men,skin care, , 
xlsImpprod6481608,2272421,Schick,Hydro Silk Sensitive Care Razor,https://www.ulta.com/hydro-silk-sensitive-care-razor?productId=xlsImpprod6481608,4.00,9,0,$13.99,"Buy 1, get 1 at 50% off!", ,bath & body,self care & wellness, , 
xlsImpprod6500361,2206112,Joico,K-PAK Color Therapy Conditioner,https://www.ulta.com/k-pak-color-therapy-conditioner?productId=xlsImpprod6500361,4.60,331,0,$9.47, , ,hair,shampoo & conditioner,conditioner, 
xlsImpprod6500365,2124408,Joico,K-PAK Conditioner,https://www.ulta.com/k-pak-conditioner?productId=xlsImpprod6500365,3.90,182,0,$9.47, , ,hair,shampoo & conditioner,conditioner, 
